stamp_ns,time_sec,tb1_odom_x_m,tb1_odom_y_m,tb1_odom_yaw_rad,tb2_odom_x_m,tb2_odom_y_m,tb2_odom_yaw_rad,uwb_range_m,uwb_sync_ms,camera_bearing_deg,camera_range_m,camera_uwb_residual_m,gt_x_m,gt_y_m,gt_yaw_rad
601400031365,601.400031365,18.238324218949618,14.490649870292234,-0.09908474847094952,1.7694724781376638,-17.976389192917022,-2.59910595578515,4.8362,-0.003463,38.96466522815623,4.941411636882834,0.10521163688283419,3.854793974179322,2.7315970576568382,-1.5111349503717564
601500031371,601.500031371,18.281422341107476,14.48676596264856,-0.1056281254012794,1.716890835000774,-18.0115929260461,-2.5960579797319734,4.7633,-0.003469,39.08128004745213,4.88185433778005,0.11855433778004976,3.801080028104612,2.7036891206509663,-1.5036425366908839
601600031376,601.600031376,18.324679348132744,14.481620336601402,-0.10951740595445159,1.6882782047318798,-18.024569669407313,-2.5955419490538323,4.8528,-0.003474,39.203478859867914,4.821176205444698,-0.031623794555302176,3.7492502615715484,2.673490794342821,-1.4973869352502125
601700031381,601.700031381,18.369895323788796,14.47705041120406,-0.11352812572277375,1.6352006481990655,-18.06159681401271,-2.589374585499541,4.5461,-0.003479,39.27796031598513,4.759945897125911,0.2138458971259114,3.6968304726217367,2.6433289285593657,-1.4898951129592035
601800031386,601.800031386,18.41309548789644,14.47167964619289,-0.11973255951113766,1.6075644752055875,-18.075575255090204,-2.587139073703046,4.5583,-0.003484,39.386386412946706,4.699369454141734,0.14106945414173389,3.645305150524549,2.6142347982057137,-1.48193590242564
601900031392,601.900031392,18.4570362070541,14.465324824660845,-0.12344549391662069,1.5563197001089537,-18.111417045133123,-2.5851285578900027,4.3358,-0.00349,39.51622299852886,4.638617387077447,0.30281738707744754,3.5938813280362902,2.5862257959907513,-1.474761544150304
602000031397,602.000031397,18.498572387106982,14.459630592797646,-0.12921229400467343,1.5309603483407703,-18.12551357620488,-2.5852128478069125,4.3945,-0.003495,39.635880941835275,4.580946013784276,0.18644601378427605,3.5425344995066377,2.5612882766246248,-1.4668445009726443
602100031402,602.100031402,18.5441167518577,14.452756524899568,-0.1354141445537682,1.4799153396923899,-18.157880600628562,-2.5849208612393135,4.4128,-0.0035,39.83906241083059,4.520240444311259,0.10744044431125932,3.4886396484480042,2.533305330627938,-1.4584255524560892
602200031407,602.200031407,18.587917053799714,14.445787469457287,-0.1401976339037112,1.452367775213178,-18.174028568527383,-2.581568520480784,4.3515,-0.003505,39.940527877922776,4.459766660132256,0.10826666013225594,3.4390044177830807,2.504582136904612,-1.4502253876297067
602300031412,602.300031412,18.63036427102463,14.437573129400809,-0.1464838936615603,1.400199275990073,-18.207815458363463,-2.577614841120094,4.1771,-0.00351,40.060243412121146,4.400185806325845,0.22308580632584452,3.387846656886259,2.4779051555125187,-1.4401098226473985
602400031418,602.400031418,18.67290934853464,14.429137251366958,-0.1524238711081076,1.3766509850562831,-18.224634674367515,-2.5762825709414154,4.0135,-0.003516,40.234615416367376,4.342249063812595,0.3287490638125954,3.3382323407331302,2.4536712658221993,-1.4316593646520919
602500031423,602.500031423,18.714900980381753,14.422029812878655,-0.1556583167320149,1.3252710334178746,-18.256172170316212,-2.56977948194051,4.1408,-0.003521,40.33474738663686,4.283752523257231,0.1429525232572315,3.2917751117145206,2.422836909638148,-1.4231398271134952
602600031428,602.600031428,18.756117191232736,14.416181413854307,-0.1594660693197037,1.3014826037439526,-18.272072602231933,-2.56752632267175,3.8829,-0.003526,40.39454031198052,4.226764474680838,0.34386447468083814,3.245846689617609,2.392005154248719,-1.4146337391023343
602700031433,602.700031433,18.799115851344176,14.411018900116892,-0.16280341236042523,1.2505973405890811,-18.30580879890808,-2.5603517933630195,3.9908,-0.003531,40.46315083840684,4.170168800303778,0.1793688003037781,3.20112634776815,2.360206998007932,-1.4059660388284014
602800031438,602.800031438,18.84252954144115,14.402390762341948,-0.16714761247209337,1.2265296981459317,-18.321764148393576,-2.556761358524435,4.0181,-0.003536,40.506374659957345,4.113387364343675,0.09528736434367513,3.1556656946672015,2.3285621679788,-1.3961892497786033
602900031444,602.900031444,18.883131227985427,14.394241129215345,-0.171440369253833,1.1774606888526522,-18.354515753845774,-2.5511535496255022,3.9924,-0.003542,40.57464312704321,4.056571390388333,0.0641713903883332,3.1098967212789215,2.299716557007444,-1.3871027307266313
603000031449,603.000031449,18.924040077340784,14.386217594677715,-0.1771754933749018,1.1555727213994549,-18.368472131270277,-2.5484816377516553,4.2857,-0.003547,40.6128794855018,4.000678498459567,-0.2850215015404336,3.0659949818714143,2.271434290342802,-1.3777568312775978
603100031454,603.100031454,18.96498703818016,14.378874579254735,-0.18224042758136397,1.111684927613668,-18.398794156050062,-2.5433911093143,3.7064,-0.003552,40.727979057402365,3.9461291069568856,0.23972910695688565,3.0208517807303013,2.248308578822295,-1.3679110015462241
603200031459,603.200031459,19.008580113531817,14.370564510260694,-0.18722003459242934,1.0871157910501932,-18.416847885611514,-2.5408127890798493,3.7476,-0.003557,40.87465423469639,3.8943732071816557,0.14677320718165587,2.9770835623946983,2.220102602454962,-1.3594936673931044
603300031465,603.300031465,19.05219073956626,14.362441671258528,-0.19268072356104252,1.0388555557346937,-18.45042710907334,-2.534506598307224,3.5199,-0.003563,40.94435715447482,3.8384411634936857,0.3185411634936859,2.9336862431860453,2.188969836706706,-1.3490481288428444
603400031470,603.40003147,19.09657308802423,14.352444307917528,-0.19793607947675665,1.0142321124214195,-18.4681165743577,-2.5305119765607387,3.8536,-0.003568,41.05842786193686,3.784649513031162,-0.06895048696883821,2.8891034054001126,2.164000161232262,-1.3396040743118913
603500031475,603.500031475,19.141883426380097,14.342394882867694,-0.203889788042936,0.9705772186267372,-18.499395090519837,-2.5235815356167612,3.662,-0.003573,41.160033705270294,3.7340430831264095,0.07204308312640961,2.8441206528404965,2.138105975986464,-1.3295988616229986
603600031480,603.60003148,19.185556601110633,14.33239403301703,-0.20883470190926617,0.9474275911186754,-18.514376627541566,-2.5217054249136504,3.4178,-0.003578,41.263000497344066,3.6820272287014295,0.26422722870142934,2.7994617296832534,2.1133768758865146,-1.321328473967541
603700031485,603.700031485,19.22751694190244,14.323696597409933,-0.21552961626556866,0.9018312787766639,-18.547638208526365,-2.51513461203498,3.4487,-0.003583,41.39606693453797,3.6300013424825446,0.18130134248254448,2.7568305244658653,2.0889441835260945,-1.3113516570541452
603800031491,603.800031491,19.268142643038956,14.31363208010399,-0.22116816667054714,0.8813252394521095,-18.56479505831901,-2.512285434437909,3.5775,-0.003589,41.50473043192981,3.57793159273049,0.00043159273048987146,2.7151938298751617,2.064551027263464,-1.30013466995863
603900031496,603.900031496,19.310632155688612,14.302913132595569,-0.22928331860079432,0.8388571578163685,-18.595983262885003,-2.5054704433910624,6.2654,-0.003594,,,,2.671250838205661,2.0456243896400013,-1.28857694154819
604000031501,604.000031501,19.353578585702596,14.290912350167426,-0.2345625307221783,0.817769472957164,-18.611906750183486,-2.5023048665261705,3.6104,-0.003599,41.92327038997043,3.477470078254289,-0.13292992174571072,2.6274742126255335,2.0232854954792976,-1.277413876775557
604100031506,604.100031506,19.397796419425674,14.2795884470053,-0.2390111095478439,0.7747726707791244,-18.647210650171335,-2.4931811817881386,3.162,-0.003604,42.04976604291269,3.4282973599940028,0.26629735999400284,2.588596412039693,1.9925178710547036,-1.266654537014762
604200031511,604.200031511,19.44120659985924,14.267238743211172,-0.24391437688133585,0.7546875256995059,-18.66043729137885,-2.492481804134072,3.12,-0.003609,42.01133948737691,3.3780399836905874,0.25803998369058734,2.5484277291122455,1.9657374673912273,-1.260321621600635
604300031517,604.300031517,19.485870908195018,14.25609005796513,-0.24859025574138527,0.7156186299380768,-18.691418136961275,-2.487181523392885,3.5419,-0.003615,42.12491157265621,3.329369766950997,-0.21253023304900287,2.5087912358765263,1.9416403678414598,-1.2522556250334347
604400031522,604.400031522,19.524718895160124,14.246383772466153,-0.25133060007047275,0.6959651696302838,-18.70924552439055,-2.4842370775812626,3.1192,-0.00362,42.2259849026546,3.2826743555242337,0.1634743555242335,2.474021714379335,1.9130998976977218,-1.244914645128251
604500031527,604.500031527,19.566480575494438,14.23612231013864,-0.2551160770722254,0.6564056173264714,-18.74018876620209,-2.4783978315405117,3.1946,-0.003625,42.29573903331448,3.2344475385893396,0.03984753858933976,2.4354602268607755,1.8862351960758135,-1.2363853785838554
604600031532,604.600031532,19.605715831801515,14.224807977957676,-0.25919055259063534,0.6342833635177619,-18.756427608154908,-2.4748940513362823,3.1884,-0.00363,42.290205691785495,3.1868883985614027,-0.0015116014385974097,2.4018043128820223,1.8573578505020354,-1.2277089478116021
604700031538,604.700031538,19.647765891062665,14.213077795932662,-0.2621491043415269,0.5972605193354279,-18.787357163113516,-2.4682780331712504,2.8185,-0.003636,42.285855806305236,3.1420919168363852,0.32359191683638544,2.3659588085673917,1.830826014259104,-1.2190082541938685
604800031543,604.800031543,19.688001262613206,14.201147361428289,-0.2658895319466209,0.5779976899504903,-18.801863167464766,-2.464610605843109,3.0579,-0.003641,42.28401318464235,3.0960558002018512,0.038155800201851164,2.3333799278501135,1.8034379944848051,-1.2118383666346844
604900031548,604.900031548,19.72988100108391,14.19010378907919,-0.2695484476660738,0.5393931828843099,-18.833367882342763,-2.458384428495906,3.3286,-0.003646,42.27945575516835,3.0499097659424956,-0.27869023405750415,2.2982692585506084,1.776469226315796,-1.2046634272333039
605000031553,605.000031553,19.772547160447214,14.178065204263856,-0.27024075456729857,0.5226820529580956,-18.8474130764994,-2.455312647624664,2.7844,-0.003651,42.28438893602241,3.0028050029709665,0.21840500297096632,2.2640318590215416,1.748200129795503,-1.1978269955071044
605100031558,605.100031558,19.816907837586303,14.16658489540031,-0.2720211419848901,0.4853353269881516,-18.87801867602127,-2.4484841216997877,2.9449,-0.003656,42.31932884312003,2.958244532817939,0.013344532817939125,2.2289434821825047,1.7200370520467878,-1.1897989060044116
605200031564,605.200031564,19.859621154653734,14.154126473562524,-0.2751377950349349,0.46605913787888037,-18.893347949595583,-2.4464754701499563,2.7749,-0.003662,42.38940990576124,2.9123119927812215,0.1374119927812214,2.1922526890205964,1.69337059727092,-1.1818837985374595
605300031569,605.300031569,19.902586680935237,14.142053469840354,-0.27816896210693315,0.4311327689183097,-18.92225224585264,-2.4431740965499156,2.6229,-0.003667,42.474119165979644,2.8668475078654136,0.24394750786541364,2.1573476272587753,1.6687714793895125,-1.1761511159325146
605400031574,605.400031574,19.946032848047,14.128991126338853,-0.2800436181293733,0.41557300146740866,-18.936191255663168,-2.4400120745425,2.6935,-0.003672,42.56528795056779,2.823548297738103,0.130048297738103,2.122549375036117,1.6446995833786675,-1.1699882340160213
605500031579,605.500031579,19.991097230421694,14.114616133926573,-0.2844915907678986,0.38067456237383335,-18.967360286039934,-2.433173385224438,2.7365,-0.003677,42.516393610425126,2.7789465575395633,0.04244655753956339,2.088699231842382,1.6187900040131704,-1.1623964510612042
605600031585,605.600031585,20.031274497649022,14.10228271756635,-0.2865675821584807,0.3616809776063454,-18.982886963763494,-2.4299961983380567,2.7725,-0.003683,42.60491952646075,2.7360741673721343,-0.036425832627865695,2.0545732465285576,1.5949685507672409,-1.1546960185064759
605700031590,605.70003159,20.070581259915905,14.089524998249226,-0.2895367467882145,0.33339838764552654,-19.008614500128445,-2.4247364473136814,2.4514,-0.003688,42.65784187446763,2.693154619145103,0.241754619145103,2.024726756919205,1.5696668008548955,-1.1484938953178798
605800031595,605.800031595,20.11070292110567,14.077280206568954,-0.2927803108182889,0.31718565548814254,-19.02387929651293,-2.4221707989708863,2.5033,-0.003693,42.75093474898152,2.6515957819787395,0.1482957819787396,1.9925337765072435,1.5446298957313969,-1.1428634283197938
605900031600,605.9000316,20.151201043012534,14.063938143192926,-0.2955853889312585,0.2807973030760009,-19.055839525804362,-2.4151360612916184,2.5036,-0.003698,42.70437976217766,2.6091126584463544,0.10551265844635438,1.959221645653565,1.5160908977881102,-1.1352199848263809
606000031605,606.000031605,20.192626547129965,14.051474324214585,-0.2982925025494833,0.26300917595427736,-19.07221926348222,-2.4127435390978165,2.4881,-0.003703,42.69017117113913,2.567801821875334,0.07970182187533359,1.9301726018036391,1.4901179518695797,-1.1302630887664156
606100031611,606.100031611,20.230718062616667,14.038144832411088,-0.3000439433051424,0.23411349627747852,-19.10074353814385,-2.4122295519809307,2.445,-0.003709,42.70965613687478,2.529003092883145,0.08400309288314523,1.9010732495113367,1.4687313206964256,-1.1265659839783648
606200031616,606.200031616,20.272761166778313,14.025168185888914,-0.3026944076440167,0.2179768975138596,-19.11265879577567,-2.4110842310203453,2.4994,-0.003714,42.76708624678173,2.4900735715967692,-0.009326428403230835,1.8681288070334165,1.4444136635417668,-1.1221869230763042
606300031621,606.300031621,20.31329596834238,14.01307536076028,-0.306950080449689,0.18985340236290155,-19.140442758853958,-2.407214234463447,2.4424,-0.003719,42.848071883848654,2.4477486942113273,0.005348694211327221,1.8370976441759024,1.421960180447668,-1.1155436001810113
606400031626,606.400031626,20.352196872385825,14.000973981039616,-0.3099633486062099,0.1750799575515906,-19.153315552110804,-2.4050568736269384,2.364,9.996276,42.989428081949455,2.4072457745103515,0.04324577451035161,1.8056044447675106,1.3993135390530567,-1.1102206579305338
606500031631,606.500031631,20.393666172340772,13.987771396106698,-0.3129329157472269,0.14783999991786131,-19.178405537413035,-2.4001380163557977,2.415,-0.003729,43.06818438670568,2.3700750700674935,-0.04492492993250652,1.7739230360711624,1.3793011536653665,-1.1053474729393753
606600031637,606.600031637,20.434796257604606,13.973340116312679,-0.3152912713772067,0.13486531642249966,-19.193507086355417,-2.3981042139229705,2.2876,-0.003735,43.23266906305835,2.3313550200592057,0.04375502005920584,1.7394948143901172,1.3586402051751552,-1.098560546346836
606700031642,606.700031642,20.476880600641884,13.960762012801869,-0.3174328868281998,0.10603429408292463,-19.220406197002617,-2.3935085708569486,2.0717,-0.00374,43.421655383989005,2.2904371139444866,0.2187371139444867,1.7057941416373763,1.3356912330420438,-1.0927406014138816
606800031647,606.800031647,20.516050963440346,13.948073453747119,-0.3196465695909631,0.09350879181331245,-19.233249969273995,-2.3919094754373464,2.1428,-0.003745,43.51000909148378,2.2531576764058876,0.11035767640588778,1.6778511395993008,1.3149965822948584,-1.0882115737641291
606900031652,606.900031652,20.556931788576023,13.934368857431167,-0.3204375320714589,0.0637039821637904,-19.26093624931381,-2.384637043706603,2.228,-0.00375,43.627833066164385,2.21388063995451,-0.014119360045490303,1.648105785340839,1.291277039271056,-1.080798442890965
607000031658,607.000031658,20.59242811210129,13.92306189933722,-0.3214552135224688,0.050730952145034994,-19.2728560831202,-2.3841347402605524,2.0749,-0.003756,43.60169190860749,2.175824746269389,0.10092474626938897,1.621213869452413,1.2691808028358738,-1.0768269401344301
607100031663,607.100031663,20.629654760431904,13.909187011763615,-0.32481093581646575,0.02524047645989057,-19.29895538422581,-2.3785293754610226,2.151,-0.003761,43.69075160472822,2.139676906029275,-0.011323093970724951,1.592359322871776,1.2479383839962475,-1.0694263645903141
607200031668,607.200031668,20.671256173921336,13.893944636404932,-0.32750549851207794,0.012028013462018157,-19.31145932058902,-2.375549320976823,1.962,-0.003766,43.7855363265487,2.1021997353889095,0.1401997353889095,1.5604270988374325,1.225779029485029,-1.0637263548567994
607300031673,607.300031673,20.71368289306731,13.880932891206086,-0.32910259886237436,-0.015749872911842523,-19.340696723049238,-2.369137689967826,2.0565,-0.003771,43.86641043764774,2.0628419659981283,0.006341965998128085,1.5301304924301924,1.203121618875474,-1.0560774236790762
607400031678,607.400031678,20.754768633489928,13.86810928143413,-0.33113018596399035,-0.028936727589564656,-19.354722884502262,-2.36676561101922,1.8454,-0.003776,43.9135490070294,2.025258881316828,0.17985888131682803,1.501715810501434,1.1808110386625406,-1.0503420505500647
607500031684,607.500031684,20.793982496206016,13.854755769197402,-0.33343313553688997,-0.05264506631382147,-19.378377548086423,-2.364617706624728,1.7581,-0.003782,44.06490511760967,1.9889475750075045,0.23084757500750452,1.4712844058666323,1.1631955016518627,-1.0458604885259404
607600031689,607.600031689,20.833508605852668,13.83975352385257,-0.3344857709959374,-0.06476177442859031,-19.390382493156338,-2.3621076493322812,1.7859,-0.003787,44.18997669138833,1.9517864561182168,0.16588645611821673,1.4411285855647082,1.1449103741463567,-1.0401216184004307
607700031694,607.700031694,20.875097539161143,13.825019724907886,-0.33680012836813467,-0.09115167253241603,-19.417834250618043,-2.3559992172867856,1.8611,-0.003792,44.1738036689061,1.91372683037385,0.052626830373849964,1.4135005732904498,1.1223214939929322,-1.0340009031247552
607800031699,607.800031699,20.91789219241049,13.810584769122263,-0.3391925128022019,-0.10297105025710053,-19.428723394166976,-2.355620469008274,1.8558,-0.003797,44.32221303184079,1.8769143318680164,0.021114331868016478,1.3814965078360997,1.1058475601153428,-1.0307672577938642
607900031704,607.900031704,20.957468850442478,13.797630437482269,-0.34213869985158807,-0.12959913922519764,-19.456636983869863,-2.352332387710682,1.7417,-0.003802,44.30412872779223,1.841537996092113,0.09983799609211297,1.3560818289250038,1.081497991166923,-1.0250913003807174
608000031710,608.00003171,20.995022696842597,13.784291564522972,-0.34375518095775814,-0.14276396065058988,-19.468628840593876,-2.349864891728355,1.8069,-0.003808,44.48157055976976,1.8051478451986818,-0.0017521548013181842,1.326748303309751,1.062637040704545,-1.0223601780227753
608100031715,608.100031715,21.032985442814272,13.769212383572476,-0.34615552978752817,-0.1668458715242267,-19.49352392640464,-2.345465582742549,1.6686,-0.003813,44.46759658665186,1.7725921532284463,0.10399215322844624,1.2998324321065688,1.04423406797029,-1.0170887800435098
608200031720,608.20003172,21.074381565503607,13.752150149632524,-0.34870837787613457,-0.17812478227915635,-19.503957761559747,-2.344023069564145,1.5853,-0.003818,44.59193579878626,1.733312604253847,0.148012604253847,1.2652800437073466,1.0258361739929096,-1.011986607761918
608300031725,608.300031725,21.115141984792807,13.736008479793448,-0.35124870244859707,-0.19965751118225328,-19.52882485019033,-2.3393888523548774,1.6158,-0.003823,44.715430947984686,1.6966668843260908,0.0808668843260909,1.2347855628862197,1.0109192207019342,-1.004991968609037
608400031731,608.400031731,21.158110982918696,13.720858512231542,-0.3532132621580181,-0.2115784072618818,-19.538847266519625,-2.338792576711017,1.4405,-0.003829,44.92469126863951,1.6574530086171957,0.2169530086171958,1.1975063412954607,0.9953304273873755,-1.0010833199265594
608500031736,608.500031736,21.200748360698693,13.705709152413954,-0.3581261711468172,-0.23870115091337843,-19.568042163094603,-2.333822272223104,1.6942,-0.003834,45.1176283952531,1.620465973781249,-0.07373402621875091,1.1685270333623679,0.9741515937251346,-0.9932310598960974
608600031741,608.600031741,21.242010610752345,13.690286491165825,-0.3596610407191929,-0.25047527006365683,-19.58279745858387,-2.331432488503567,1.4514,-0.003839,45.19298342940273,1.5822959613346177,0.13089596133461767,1.137499879676696,0.9527320621600148,-0.986937079508257
608700031746,608.700031746,21.284243747311546,13.675229238331081,-0.36354822298195305,-0.27203882052797196,-19.603815185643402,-2.32854298168208,1.7656,-0.003844,45.32754448549149,1.5451799921614306,-0.2204200078385694,1.1025611587063417,0.9360942513101438,-0.9826688558838764
608800031751,608.800031751,21.32324535310456,13.658879550736422,-0.3647298790589359,-0.2848164511932263,-19.61974871271718,-2.3246624765705275,1.6484,-0.003849,45.46902940121185,1.508024628247902,-0.14037537175209813,1.0763165767606768,0.9137050889846628,-0.9780258329097633
608900031757,608.900031757,21.34101867624272,13.65215034257779,-0.3682097430360309,-0.30478240915869204,-19.638703690516422,-2.321280256808956,1.7022,-0.003855,45.3610418296844,1.481789743544475,-0.22041025645552503,1.0662500244100406,0.8983230727615278,-0.9725988605998408
609000031762,609.000031762,21.354828135445022,13.646054458556401,-0.37239956599453655,-0.31672086472697836,-19.654857884102164,-2.3215111878959234,1.5526,-0.00386,45.13409048356332,1.4677128560811634,-0.08488714391883656,1.0643231884088573,0.8817460141998976,-0.9669511552615873
609100031767,609.100031767,21.370545539508253,13.639106144697044,-0.3752218648945929,-0.33508832543799866,-19.67437784508062,-2.3201611096229544,1.5514,-0.003865,44.91244806033238,1.4538573543234523,-0.09754264567654758,1.0552864848438517,0.8688819723536434,-0.9620836942828137
609200031772,609.200031772,21.384103316562445,13.634072801214334,-0.38001441238365535,-0.34479714067055545,-19.684951457769355,-2.319498708611565,1.2102,-0.00387,44.66981994397345,1.4383550425817786,0.22815504258177866,1.0509328828185645,0.8547219603567019,-0.9572226634253576
609300031777,609.300031777,21.393599138663642,13.62917860605363,-0.38611930319354804,-0.36384692453218753,-19.70550449992374,-2.316156690896159,1.2547,-0.003875,44.56310316360334,1.426697056189816,0.1719970561898161,1.0479665439307106,0.8436920990426798,-0.9498731378696499
609400031783,609.400031783,21.404274197342904,13.623956211357559,-0.39297500532859875,-0.3789187458426604,-19.721664329990485,-2.313236446655268,1.2926,-0.003881,44.27708277440944,1.417691891607341,0.12509189160734113,1.04696666348792,0.8295010381921335,-0.938181628722605
609500031788,609.500031788,21.41761396508325,13.617780208035695,-0.4000700988719299,-0.4080930825105211,-19.75172020455485,-2.3197671292042474,1.3242,-0.003886,43.71704029754226,1.407123907464631,0.08292390746463085,1.0474074657093362,0.8109884031938128,-0.9363368879064446
609600031793,609.600031793,21.427263562044754,13.612686944200748,-0.4060331754410241,-0.42559512320910786,-19.773601180550262,-2.3161215270124007,1.3935,-0.003891,43.340065837341136,1.396973378567704,0.003473378567704133,1.0544751238360484,0.7890154142920621,-0.9287683557770876
609700031798,609.700031798,21.436080156132665,13.609282148770948,-0.41072171490231935,-0.46567861828939017,-19.818444588855083,-2.304614783217652,1.403,-0.003896,42.19436926515698,1.3861841638364174,-0.01681583616358262,1.0671135025941556,0.7615485012746636,-0.914492856162333
609800031804,609.800031804,21.44634299539676,13.604500292418082,-0.4174333545229092,-0.4837830315160351,-19.841669898135102,-2.2957743305243357,1.3421,-0.003902,40.13963971459599,1.3752817111416855,0.033181711141685444,1.0799908978825914,0.7334475565005992,-0.896401692857189
609900031809,609.900031809,21.456202344402442,13.599020248785859,-0.4239543198805595,-0.5201872964570962,-19.885484108698815,-2.2794042002769648,1.3132,-0.003907,38.108780772359445,1.3664902840945994,0.05329028409459946,1.0894072704669913,0.711371201393001,-0.8771522116780655
610000031814,610.000031814,21.46546166790712,13.592416760250874,-0.4307952849318835,-0.5380888314261641,-19.90803854339402,-2.2699178180294273,1.1065,-0.003912,35.84394843265249,1.3615227185025134,0.25502271850251335,1.1043019936155485,0.6867275379320273,-0.8551249855395735
610100031819,610.100031819,21.475745965730137,13.586514724018846,-0.4393509308682031,-0.5757897737691599,-19.95721139883737,-2.2506452012722846,1.3638,-0.003917,33.5623810244629,1.3592540128730821,-0.004545987126917783,1.1193185071970484,0.6638423703071524,-0.8327743856205461
610200031824,610.200031824,21.48640981126296,13.581597040374103,-0.4491751279638313,-0.5931468380122286,-19.98112828575413,-2.2398200603342624,1.41,-0.003922,31.405866247791558,1.3585733829311422,-0.05142661706885776,1.13365233154553,0.6436148204292031,-0.8063342471950564
610300031830,610.30003183,21.495946909861292,13.575738540878776,-0.45881623296262924,-0.6267954324217726,-20.026432265217373,-2.216319494977131,1.6341,-0.003928,29.265160625594046,1.3616308153000904,-0.27246918469990966,1.1497370541211493,0.6254452732081105,-0.7800165101593719
610400031835,610.400031835,21.50393508737085,13.570157142891613,-0.4678964283631069,-0.6424873415429515,-20.050972844840746,-2.2056990792197584,1.2979,-0.003933,27.21471832415453,1.366572650768081,0.06867265076808104,1.165363405766386,0.6081563679439662,-0.7547787083612152
610500031840,610.50003184,21.514602343541124,13.563926306367081,-0.4784233770309993,-0.67511629826165,-20.098806238949926,-2.1859043647842795,1.4663,-0.003938,25.22695014739842,1.3751924227955883,-0.09110757720441165,1.181718141896075,0.5921317495861783,-0.7278218105556054
610600031845,610.600031845,21.52430704992512,13.559240345927067,-0.489011399449212,-0.6913950481866982,-20.11939017060544,-2.177636180464145,1.3681,-0.003943,23.477962210035194,1.3852544675024305,0.017154467502430437,1.1961179074264998,0.577702391601191,-0.7049552120161884
610700031850,610.70003185,21.532785162073004,13.55186866348276,-0.49924496458626205,-0.7230203536597788,-20.169478272902182,-2.156821629561515,1.3527,-0.003948,21.79365239818138,1.3963535640015536,0.043653564001553624,1.2140286349477223,0.5664152511705028,-0.678265676882778
610800031856,610.800031856,21.542106392162403,13.544231534809839,-0.5077133824666009,-0.7375529838232906,-20.196483243298815,-2.145367937335094,1.1829,-0.003954,20.039566928738463,1.4129032899202334,0.23000328992023333,1.2355877311188042,0.5524244123806593,-0.6528148288841729
610900031861,610.900031861,21.553018835888583,13.538488347270686,-0.5182320999463615,-0.7673100168002684,-20.2465658809379,-2.1225653343089674,1.4497,-0.003959,18.348148592640747,1.4314016361048791,-0.01829836389512085,1.2558773735849555,0.5412302315370476,-0.6244027660086615
611000031866,611.000031866,21.563002105193448,13.53279116592192,-0.5287695556537022,-0.7815994332260556,-20.272523131452925,-2.1106295443881367,1.242,-0.003964,16.87004191347777,1.4515308263455056,0.20953082634550557,1.275693578511529,0.5305245457572425,-0.5967845925100164
611100031871,611.100031871,21.571577874524827,13.525290097467863,-0.5386645530486527,-0.810007254735386,-20.323437969105697,-2.0918630298868646,1.453,-0.003969,15.542962824555698,1.4727686240925646,0.019768624092564524,1.2963790407137556,0.5232228091127312,-0.5709779796656853
611200031877,611.200031877,21.58088290440606,13.518027930472316,-0.550774694943432,-0.8228523007443189,-20.349315370302435,-2.081166360264955,1.4588,-0.003975,14.404692452173725,1.496204111855162,0.03740411185516179,1.3163082968849926,0.5187185569976104,-0.5433039444496648
611300031882,611.300031882,21.589211534958068,13.51181386616144,-0.5639339210120883,-0.8467968838351883,-20.396886138012057,-2.061215986754738,1.4867,-0.00398,13.548563421660795,1.5179989708499928,0.03129897084999289,1.3342251806207086,0.517394660613296,-0.5164809026193609
